,Zaman,Duygu
0,14:31:12,Kizgin
1,14:31:12,Kizgin
2,14:31:12,Kizgin
3,14:31:12,Kizgin
4,14:31:13,Dogal
5,14:31:13,Dogal
6,14:31:13,Korku
7,14:31:13,Kizgin
8,14:31:13,Dogal
9,14:31:13,Dogal
10,14:31:13,Dogal
11,14:31:13,Korku
12,14:31:13,Korku
13,14:31:13,Korku
14,14:31:13,Dogal
15,14:31:14,Dogal
16,14:31:14,Dogal
17,14:31:14,Dogal
18,14:31:14,Dogal
19,14:31:14,Kizgin
20,14:31:14,Dogal
21,14:31:14,Uzgun
22,14:31:14,Dogal
23,14:31:14,Korku
24,14:31:14,Korku
25,14:31:14,Dogal
26,14:31:14,Korku
27,14:31:14,Korku
28,14:31:14,Mutlu
29,14:31:14,Mutlu
30,14:31:14,Mutlu
31,14:31:14,Mutlu
32,14:31:14,Mutlu
33,14:31:15,Mutlu
34,14:31:15,Mutlu
35,14:31:15,Mutlu
36,14:31:15,Mutlu
37,14:31:15,Mutlu
38,14:31:15,Mutlu
39,14:31:15,Mutlu
40,14:31:15,Mutlu
41,14:31:15,Mutlu
42,14:31:15,Mutlu
43,14:31:15,Mutlu
44,14:31:15,Mutlu
45,14:31:15,Mutlu
46,14:31:15,Mutlu
47,14:31:15,Mutlu
48,14:31:15,Mutlu
49,14:31:15,Mutlu
50,14:31:15,Mutlu
51,14:31:15,Mutlu
52,14:31:16,Mutlu
53,14:31:16,Mutlu
54,14:31:16,Mutlu
55,14:31:16,Mutlu
56,14:31:16,Mutlu
57,14:31:16,Mutlu
58,14:31:16,Mutlu
59,14:31:16,Mutlu
60,14:31:16,Mutlu
61,14:31:16,Mutlu
62,14:31:16,Mutlu
63,14:31:16,Mutlu
64,14:31:16,Mutlu
65,14:31:16,Mutlu
66,14:31:16,Mutlu
67,14:31:16,Mutlu
68,14:31:16,Mutlu
69,14:31:17,Mutlu
70,14:31:17,Mutlu
71,14:31:17,Mutlu
72,14:31:17,Mutlu
73,14:31:17,Mutlu
74,14:31:17,Mutlu
75,14:31:17,Mutlu
76,14:31:17,Mutlu
77,14:31:17,Mutlu
78,14:31:17,Mutlu
79,14:31:17,Mutlu
80,14:31:17,Mutlu
81,14:31:17,Mutlu
82,14:31:17,Mutlu
83,14:31:17,Mutlu
84,14:31:17,Mutlu
85,14:31:17,Mutlu
86,14:31:17,Mutlu
87,14:31:18,Mutlu
88,14:31:18,Mutlu
89,14:31:18,Mutlu
90,14:31:18,Mutlu
91,14:31:18,Mutlu
92,14:31:18,Mutlu
93,14:31:18,Mutlu
94,14:31:18,Mutlu
95,14:31:18,Mutlu
96,14:31:18,Mutlu
97,14:31:18,Mutlu
98,14:31:18,Mutlu
99,14:31:18,Mutlu
100,14:31:18,Mutlu
101,14:31:18,Mutlu
102,14:31:18,Mutlu
103,14:31:18,Mutlu
104,14:31:18,Mutlu
105,14:31:19,Mutlu
106,14:31:19,Mutlu
107,14:31:19,Mutlu
108,14:31:19,Mutlu
109,14:31:19,Mutlu
110,14:31:19,Mutlu
111,14:31:19,Mutlu
112,14:31:19,Mutlu
113,14:31:19,Mutlu
114,14:31:19,Mutlu
115,14:31:19,Mutlu
116,14:31:19,Mutlu
117,14:31:19,Mutlu
118,14:31:19,Mutlu
119,14:31:19,Mutlu
120,14:31:19,Mutlu
121,14:31:19,Mutlu
122,14:31:19,Mutlu
123,14:31:20,Mutlu
124,14:31:20,Mutlu
125,14:31:20,Mutlu
126,14:31:20,Mutlu
127,14:31:20,Mutlu
128,14:31:20,Mutlu
129,14:31:20,Mutlu
130,14:31:20,Mutlu
131,14:31:20,Mutlu
132,14:31:20,Mutlu
133,14:31:20,Mutlu
134,14:31:20,Mutlu
135,14:31:20,Mutlu
136,14:31:20,Mutlu
137,14:31:20,Mutlu
138,14:31:20,Mutlu
139,14:31:20,Mutlu
140,14:31:20,Mutlu
141,14:31:21,Mutlu
142,14:31:21,Mutlu
143,14:31:21,Mutlu
144,14:31:21,Mutlu
145,14:31:21,Mutlu
146,14:31:21,Mutlu
147,14:31:21,Mutlu
148,14:31:21,Mutlu
149,14:31:21,Korku
150,14:31:21,Mutlu
151,14:31:21,Mutlu
152,14:31:21,Korku
153,14:31:21,Mutlu
154,14:31:21,Dogal
155,14:31:21,Korku
156,14:31:21,Korku
157,14:31:21,Korku
158,14:31:21,Korku
159,14:31:22,Korku
160,14:31:22,Korku
161,14:31:22,Korku
162,14:31:22,Korku
163,14:31:22,Korku
164,14:31:22,Korku
165,14:31:22,Korku
166,14:31:22,Korku
167,14:31:22,Korku
168,14:31:22,Korku
169,14:31:22,Korku
170,14:31:22,Korku
171,14:31:22,Korku
172,14:31:22,Korku
173,14:31:22,Korku
174,14:31:22,Korku
175,14:31:22,Korku
176,14:31:23,Korku
177,14:31:23,Korku
178,14:31:23,Korku
179,14:31:23,Korku
180,14:31:23,Korku
181,14:31:23,Kizgin
182,14:31:23,Uzgun
183,14:31:23,Uzgun
184,14:31:23,Uzgun
185,14:31:23,Kizgin
186,14:31:23,Korku
187,14:31:23,Uzgun
188,14:31:23,Dogal
189,14:31:23,Uzgun
190,14:31:23,Korku
191,14:31:24,Dogal
192,14:31:24,Dogal
193,14:31:24,Dogal
194,14:31:24,Korku
195,14:31:24,Korku
196,14:31:25,Dogal
197,14:31:25,Dogal
198,14:31:25,Korku
199,14:31:25,Korku
200,14:31:25,Uzgun
201,14:31:25,Uzgun
202,14:31:25,Korku
203,14:31:25,Uzgun
204,14:31:25,Uzgun
205,14:31:25,Uzgun
206,14:31:26,Uzgun
207,14:31:26,Uzgun
208,14:31:26,Korku
209,14:31:26,Korku
210,14:31:27,Korku
211,14:31:27,Dogal
212,14:31:27,Korku
213,14:31:27,Uzgun
214,14:31:27,Korku
215,14:31:27,Korku
216,14:31:27,Korku
217,14:31:27,Korku
218,14:31:27,Korku
219,14:31:27,Korku
220,14:31:27,Uzgun
221,14:31:27,Korku
222,14:31:27,Korku
223,14:31:27,Korku
224,14:31:28,Korku
225,14:31:28,Korku
226,14:31:28,Dogal
227,14:31:28,Dogal
228,14:31:29,Dogal
229,14:31:29,Dogal
230,14:31:29,Dogal
231,14:31:29,Dogal
232,14:31:29,Dogal
233,14:31:29,Dogal
234,14:31:29,Dogal
235,14:31:29,Dogal
236,14:31:29,Dogal
237,14:31:29,Dogal
238,14:31:29,Dogal
239,14:31:29,Dogal
240,14:31:29,Dogal
241,14:31:30,Dogal
242,14:31:30,Dogal
243,14:31:30,Dogal
244,14:31:30,Saskin
245,14:31:30,Korku
246,14:31:30,Dogal
247,14:31:30,Korku
248,14:31:30,Korku
249,14:31:30,Korku
250,14:31:30,Dogal
251,14:31:30,Dogal
252,14:31:30,Korku
253,14:31:30,Dogal
254,14:31:30,Korku
255,14:31:30,Korku
256,14:31:30,Korku
257,14:31:31,Dogal
258,14:31:31,Dogal
259,14:31:31,Mutlu
260,14:31:31,Uzgun
261,14:31:31,Uzgun
262,14:31:31,Uzgun
263,14:31:31,Uzgun
264,14:31:31,Uzgun
265,14:31:31,Uzgun
266,14:31:31,Uzgun
267,14:31:31,Uzgun
268,14:31:31,Uzgun
269,14:31:31,Mutlu
270,14:31:31,Mutlu
271,14:31:31,Mutlu
272,14:31:31,Mutlu
273,14:31:32,Mutlu
274,14:31:32,Mutlu
275,14:31:32,Korku
276,14:31:32,Uzgun
277,14:31:32,Korku
278,14:31:32,Uzgun
279,14:31:32,Korku
280,14:31:32,Uzgun
281,14:31:32,Uzgun
282,14:31:32,Korku
283,14:31:32,Uzgun
284,14:31:32,Korku
285,14:31:32,Korku
286,14:31:32,Korku
287,14:31:32,Korku
288,14:31:33,Korku
289,14:31:33,Korku
290,14:31:33,Korku
291,14:31:33,Korku
292,14:31:33,Korku
293,14:31:33,Korku
294,14:31:33,Korku
295,14:31:33,Korku
296,14:31:33,Korku
297,14:31:33,Korku
298,14:31:33,Korku
299,14:31:33,Korku
300,14:31:33,Korku
301,14:31:33,Kizgin
302,14:31:33,Uzgun
303,14:31:33,Korku
304,14:31:33,Uzgun
305,14:31:34,Uzgun
306,14:31:34,Korku
307,14:31:34,Uzgun
308,14:31:34,Korku
309,14:31:34,Uzgun
310,14:31:34,Korku
311,14:31:34,Kizgin
312,14:31:34,Korku
313,14:31:34,Korku
314,14:31:34,Korku
315,14:31:34,Korku
316,14:31:34,Korku
317,14:31:34,Uzgun
318,14:31:34,Dogal
319,14:31:34,Korku
320,14:31:34,Korku
321,14:31:34,Korku
322,14:31:35,Korku
323,14:31:35,Korku
324,14:31:35,Korku
325,14:31:35,Korku
326,14:31:35,Korku
327,14:31:35,Korku
328,14:31:35,Korku
329,14:31:35,Dogal
330,14:31:35,Korku
331,14:31:35,Korku
332,14:31:35,Korku
333,14:31:35,Korku
334,14:31:35,Uzgun
335,14:31:35,Korku
336,14:31:35,Korku
337,14:31:35,Korku
338,14:31:35,Korku
339,14:31:36,Korku
340,14:31:36,Korku
341,14:31:36,Korku
342,14:31:36,Korku
343,14:31:36,Korku
344,14:31:36,Korku
345,14:31:36,Korku
346,14:31:36,Korku
347,14:31:36,Korku
348,14:31:36,Korku
349,14:31:36,Korku
350,14:31:36,Korku
351,14:31:36,Kizgin
352,14:31:36,Korku
353,14:31:36,Korku
354,14:31:36,Korku
355,14:31:37,Korku
356,14:31:37,Korku
357,14:31:37,Korku
358,14:31:37,Korku
359,14:31:37,Korku
360,14:31:37,Korku
361,14:31:37,Korku
362,14:31:37,Korku
363,14:31:37,Korku
364,14:31:37,Korku
365,14:31:37,Korku
366,14:31:37,Korku
367,14:31:37,Korku
368,14:31:37,Korku
369,14:31:37,Korku
370,14:31:37,Korku
371,14:31:38,Kizgin
372,14:31:38,Kizgin
373,14:31:38,Kizgin
374,14:31:38,Korku
375,14:31:38,Korku
376,14:31:39,Kizgin
377,14:31:39,Kizgin
378,14:31:39,Uzgun
379,14:31:39,Kizgin
380,14:31:39,Kizgin
381,14:31:39,Korku
382,14:31:39,Kizgin
383,14:31:39,Uzgun
384,14:31:39,Kizgin
385,14:31:39,Uzgun
386,14:31:40,Kizgin
387,14:31:40,Uzgun
388,14:31:40,Korku
389,14:31:40,Korku
390,14:31:40,Korku
391,14:31:40,Kizgin
392,14:31:40,Korku
393,14:31:40,Korku
394,14:31:40,Korku
395,14:31:40,Korku
396,14:31:40,Saskin
397,14:31:41,Korku
398,14:31:41,Korku
399,14:31:41,Korku
400,14:31:41,Korku
401,14:31:41,Korku
402,14:31:41,Korku
403,14:31:41,Korku
404,14:31:41,Korku
405,14:31:41,Kizgin
406,14:31:41,Kizgin
407,14:31:41,Kizgin
408,14:31:41,Kizgin
409,14:31:42,Korku
410,14:31:42,Korku
411,14:31:42,Kizgin
412,14:31:42,Kizgin
413,14:31:42,Korku
414,14:31:42,Korku
415,14:31:43,Korku
416,14:31:43,Korku
417,14:31:43,Korku
418,14:31:43,Korku
419,14:31:43,Korku
420,14:31:43,Korku
421,14:31:43,Korku
422,14:31:43,Kizgin
423,14:31:43,Korku
424,14:31:43,Kizgin
425,14:31:43,Kizgin
426,14:31:43,Kizgin
427,14:31:43,Korku
428,14:31:43,Saskin
429,14:31:44,Kizgin
430,14:31:44,Kizgin
431,14:31:44,Korku
432,14:31:44,Kizgin
433,14:31:44,Korku
434,14:31:44,Korku
435,14:31:44,Kizgin
436,14:31:44,Saskin
437,14:31:44,Kizgin
438,14:31:44,Korku
439,14:31:44,Korku
440,14:31:44,Korku
441,14:31:44,Kizgin
442,14:31:44,Saskin
443,14:31:44,Kizgin
444,14:31:44,Korku
445,14:31:44,Saskin
446,14:31:45,Kizgin
447,14:31:45,Saskin
448,14:31:45,Korku
449,14:31:45,Korku
450,14:31:45,Kizgin
451,14:31:45,Korku
452,14:31:45,Kizgin
453,14:31:45,Korku
454,14:31:45,Kizgin
455,14:31:45,Korku
456,14:31:45,Kizgin
457,14:31:45,Kizgin
458,14:31:45,Saskin
459,14:31:45,Kizgin
460,14:31:45,Kizgin
461,14:31:45,Korku
462,14:31:46,Kizgin
463,14:31:46,Kizgin
464,14:31:46,Mutlu
465,14:31:46,Korku
466,14:31:46,Korku
467,14:31:46,Korku
468,14:31:46,Kizgin
469,14:31:46,Korku
470,14:31:46,Kizgin
471,14:31:46,Kizgin
472,14:31:46,Korku
473,14:31:46,Kizgin
474,14:31:46,Korku
475,14:31:46,Korku
476,14:31:46,Kizgin
477,14:31:46,Korku
478,14:31:47,Korku
479,14:31:47,Kizgin
480,14:31:47,Kizgin
481,14:31:47,Korku
482,14:31:47,Kizgin
483,14:31:47,Saskin
484,14:31:47,Kizgin
485,14:31:47,Dogal
486,14:31:47,Korku
487,14:31:47,Korku
488,14:31:47,Kizgin
489,14:31:47,Kizgin
490,14:31:47,Korku
491,14:31:47,Korku
492,14:31:47,Korku
493,14:31:47,Korku
494,14:31:48,Korku
495,14:31:48,Korku
496,14:31:48,Korku
497,14:31:48,Korku
498,14:31:48,Dogal
499,14:31:48,Korku
500,14:31:48,Korku
501,14:31:48,Korku
502,14:31:48,Korku
503,14:31:48,Korku
504,14:31:48,Dogal
505,14:31:48,Korku
506,14:31:48,Korku
507,14:31:48,Korku
508,14:31:48,Korku
509,14:31:48,Dogal
510,14:31:49,Mutlu
511,14:31:49,Dogal
512,14:31:49,Dogal
513,14:31:49,Dogal
514,14:31:49,Mutlu
515,14:31:49,Dogal
516,14:31:49,Dogal
517,14:31:49,Mutlu
518,14:31:49,Dogal
519,14:31:49,Mutlu
520,14:31:49,Dogal
521,14:31:49,Uzgun
522,14:31:49,Korku
523,14:31:49,Uzgun
524,14:31:50,Dogal
525,14:31:50,Dogal
526,14:31:50,Dogal
527,14:31:50,Dogal
528,14:31:50,Korku
529,14:31:50,Korku
530,14:31:50,Korku
531,14:31:50,Dogal
532,14:31:50,Korku
533,14:31:50,Korku
534,14:31:51,Korku
535,14:31:51,Dogal
536,14:31:51,Dogal
537,14:31:51,Dogal
538,14:31:51,Dogal
539,14:31:51,Mutlu
540,14:31:51,Uzgun
541,14:31:51,Uzgun
542,14:31:51,Mutlu
543,14:31:51,Dogal
544,14:31:51,Dogal
545,14:31:52,Uzgun
546,14:31:52,Uzgun
547,14:31:52,Kizgin
548,14:31:52,Kizgin
549,14:31:52,Kizgin
550,14:31:52,Kizgin
551,14:31:52,Uzgun
552,14:31:52,Dogal
553,14:31:52,Dogal
554,14:31:52,Kizgin
555,14:31:52,Kizgin
556,14:31:52,Uzgun
557,14:31:53,Korku
558,14:31:53,Korku
559,14:31:53,Korku
560,14:31:53,Korku
561,14:31:53,Kizgin
562,14:31:53,Korku
563,14:31:53,Dogal
564,14:31:53,Kizgin
565,14:31:53,Dogal
566,14:31:53,Dogal
567,14:31:54,Dogal
568,14:31:54,Dogal
569,14:31:54,Dogal
570,14:31:54,Korku
571,14:31:54,Dogal
572,14:31:54,Dogal
573,14:31:54,Dogal
574,14:31:54,Dogal
575,14:31:54,Dogal
576,14:31:54,Dogal
577,14:31:54,Dogal
578,14:31:54,Dogal
579,14:31:54,Kizgin
580,14:31:54,Dogal
581,14:31:54,Kizgin
582,14:31:54,Dogal
583,14:31:54,Kizgin
584,14:31:55,Dogal
585,14:31:55,Dogal
586,14:31:55,Dogal
587,14:31:55,Kizgin
588,14:31:55,Dogal
589,14:31:55,Korku
590,14:31:55,Kizgin
591,14:31:55,Kizgin
592,14:31:55,Kizgin
593,14:31:55,Dogal
594,14:31:55,Dogal
595,14:31:55,Kizgin
596,14:31:55,Kizgin
597,14:31:55,Kizgin
598,14:31:55,Kizgin
599,14:31:55,Kizgin
600,14:31:55,Kizgin
601,14:31:56,Kizgin
602,14:31:56,Kizgin
603,14:31:56,Kizgin
604,14:31:56,Kizgin
605,14:31:56,Kizgin
606,14:31:56,Kizgin
607,14:31:56,Kizgin
608,14:31:56,Dogal
609,14:31:56,Kizgin
610,14:31:56,Kizgin
611,14:31:56,Kizgin
612,14:31:56,Dogal
613,14:31:56,Dogal
614,14:31:56,Dogal
615,14:31:56,Dogal
616,14:31:56,Dogal
617,14:31:56,Dogal
618,14:31:57,Dogal
619,14:31:57,Dogal
620,14:31:57,Dogal
621,14:31:57,Kizgin
622,14:31:57,Dogal
623,14:31:57,Dogal
624,14:31:57,Dogal
625,14:31:57,Dogal
626,14:31:57,Dogal
627,14:31:57,Dogal
628,14:31:57,Dogal
629,14:31:57,Dogal
630,14:31:57,Dogal
631,14:31:57,Dogal
632,14:31:57,Korku
633,14:31:57,Dogal
634,14:31:58,Dogal
635,14:31:58,Dogal
636,14:31:58,Dogal
637,14:31:58,Dogal
638,14:31:58,Dogal
639,14:31:58,Korku
640,14:31:58,Korku
641,14:31:58,Korku
642,14:31:58,Korku
643,14:31:58,Kizgin
644,14:31:58,Korku
645,14:31:58,Korku
646,14:31:58,Kizgin
647,14:31:58,Kizgin
648,14:31:58,Kizgin
649,14:31:58,Mutlu
650,14:31:58,Kizgin
651,14:31:59,Mutlu
652,14:31:59,Mutlu
653,14:31:59,Mutlu
654,14:31:59,Mutlu
655,14:31:59,Mutlu
656,14:31:59,Kizgin
657,14:31:59,Kizgin
658,14:31:59,Kizgin
659,14:31:59,Korku
660,14:31:59,Korku
661,14:31:59,Kizgin
662,14:31:59,Korku
663,14:31:59,Kizgin
664,14:31:59,Kizgin
665,14:31:59,Kizgin
666,14:32:00,Kizgin
667,14:32:00,Korku
668,14:32:00,Kizgin
669,14:32:00,Kizgin
670,14:32:00,Kizgin
671,14:32:00,Korku
672,14:32:00,Korku
673,14:32:00,Kizgin
674,14:32:00,Korku
675,14:32:00,Kizgin
676,14:32:00,Kizgin
677,14:32:00,Kizgin
678,14:32:00,Kizgin
679,14:32:01,Kizgin
680,14:32:01,Kizgin
681,14:32:01,Kizgin
682,14:32:01,Kizgin
683,14:32:01,Uzgun
684,14:32:01,Kizgin
685,14:32:01,Kizgin
686,14:32:01,Korku
687,14:32:01,Kizgin
688,14:32:01,Kizgin
689,14:32:01,Korku
690,14:32:01,Kizgin
691,14:32:01,Kizgin
692,14:32:01,Kizgin
693,14:32:01,Uzgun
694,14:32:02,Kizgin
695,14:32:02,Kizgin
696,14:32:02,Kizgin
697,14:32:02,Kizgin
698,14:32:02,Kizgin
699,14:32:02,Dogal
700,14:32:02,Mutlu
701,14:32:02,Uzgun
702,14:32:02,Dogal
703,14:32:02,Mutlu
704,14:32:02,Mutlu
705,14:32:02,Mutlu
706,14:32:02,Korku
707,14:32:02,Uzgun
708,14:32:02,Dogal
709,14:32:02,Uzgun
710,14:32:02,Dogal
711,14:32:03,Kizgin
712,14:32:03,Kizgin
713,14:32:03,Mutlu
714,14:32:03,Mutlu
715,14:32:03,Kizgin
716,14:32:03,Mutlu
717,14:32:03,Mutlu
718,14:32:03,Mutlu
719,14:32:03,Mutlu
720,14:32:03,Kizgin
721,14:32:03,Uzgun
722,14:32:03,Uzgun
723,14:32:03,Kizgin
724,14:32:03,Kizgin
725,14:32:04,Dogal
726,14:32:04,Dogal
727,14:32:04,Mutlu
728,14:32:04,Dogal
729,14:32:04,Mutlu
730,14:32:04,Mutlu
731,14:32:04,Mutlu
732,14:32:04,Mutlu
733,14:32:04,Mutlu
734,14:32:04,Mutlu
735,14:32:04,Mutlu
736,14:32:04,Mutlu
737,14:32:04,Mutlu
738,14:32:04,Mutlu
739,14:32:04,Mutlu
740,14:32:04,Mutlu
741,14:32:05,Mutlu
742,14:32:05,Mutlu
743,14:32:05,Mutlu
744,14:32:05,Mutlu
745,14:32:05,Mutlu
746,14:32:05,Mutlu
747,14:32:05,Mutlu
748,14:32:05,Mutlu
749,14:32:05,Mutlu
750,14:32:05,Mutlu
751,14:32:05,Mutlu
752,14:32:05,Mutlu
753,14:32:05,Mutlu
754,14:32:05,Mutlu
755,14:32:05,Mutlu
756,14:32:05,Mutlu
757,14:32:05,Mutlu
758,14:32:06,Mutlu
759,14:32:06,Mutlu
760,14:32:06,Mutlu
761,14:32:06,Mutlu
762,14:32:06,Mutlu
763,14:32:06,Mutlu
764,14:32:06,Mutlu
765,14:32:06,Mutlu
766,14:32:06,Mutlu
767,14:32:06,Mutlu
768,14:32:06,Mutlu
769,14:32:06,Mutlu
770,14:32:06,Mutlu
771,14:32:06,Mutlu
772,14:32:06,Mutlu
773,14:32:06,Mutlu
774,14:32:07,Mutlu
775,14:32:07,Mutlu
776,14:32:07,Mutlu
777,14:32:07,Mutlu
778,14:32:07,Mutlu
779,14:32:07,Mutlu
780,14:32:07,Mutlu
781,14:32:07,Mutlu
782,14:32:07,Mutlu
783,14:32:07,Mutlu
784,14:32:07,Mutlu
785,14:32:07,Mutlu
786,14:32:07,Mutlu
787,14:32:07,Mutlu
788,14:32:07,Mutlu
789,14:32:07,Mutlu
790,14:32:08,Mutlu
791,14:32:08,Mutlu
792,14:32:08,Mutlu
793,14:32:08,Mutlu
794,14:32:08,Mutlu
795,14:32:08,Mutlu
796,14:32:08,Mutlu
797,14:32:08,Mutlu
798,14:32:08,Mutlu
799,14:32:08,Korku
800,14:32:08,Mutlu
801,14:32:08,Mutlu
802,14:32:08,Mutlu
803,14:32:08,Mutlu
804,14:32:09,Korku
805,14:32:09,Dogal
806,14:32:09,Dogal
807,14:32:09,Mutlu
808,14:32:09,Mutlu
809,14:32:09,Mutlu
810,14:32:09,Mutlu
811,14:32:09,Mutlu
812,14:32:10,Mutlu
813,14:32:10,Mutlu
814,14:32:10,Mutlu
815,14:32:10,Mutlu
816,14:32:10,Mutlu
817,14:32:10,Mutlu
818,14:32:10,Mutlu
819,14:32:10,Mutlu
820,14:32:10,Mutlu
821,14:32:10,Mutlu
822,14:32:10,Mutlu
823,14:32:10,Mutlu
824,14:32:10,Mutlu
825,14:32:10,Mutlu
826,14:32:10,Mutlu
827,14:32:10,Mutlu
828,14:32:10,Mutlu
829,14:32:11,Mutlu
830,14:32:11,Mutlu
831,14:32:11,Korku
832,14:32:11,Mutlu
833,14:32:11,Korku
834,14:32:11,Korku
835,14:32:11,Mutlu
836,14:32:11,Mutlu
837,14:32:11,Mutlu
838,14:32:11,Mutlu
839,14:32:11,Mutlu
840,14:32:11,Mutlu
841,14:32:11,Mutlu
842,14:32:11,Mutlu
843,14:32:11,Mutlu
844,14:32:11,Mutlu
845,14:32:12,Mutlu
846,14:32:12,Mutlu
847,14:32:12,Mutlu
848,14:32:12,Mutlu
849,14:32:12,Mutlu
850,14:32:12,Mutlu
851,14:32:12,Mutlu
852,14:32:12,Mutlu
853,14:32:12,Mutlu
854,14:32:12,Mutlu
855,14:32:12,Mutlu
856,14:32:12,Mutlu
857,14:32:12,Mutlu
858,14:32:12,Mutlu
859,14:32:12,Mutlu
860,14:32:12,Mutlu
861,14:32:12,Mutlu
862,14:32:13,Mutlu
863,14:32:13,Mutlu
864,14:32:13,Mutlu
865,14:32:13,Mutlu
866,14:32:13,Mutlu
867,14:32:13,Mutlu
868,14:32:13,Mutlu
869,14:32:13,Mutlu
870,14:32:13,Mutlu
871,14:32:13,Mutlu
872,14:32:13,Mutlu
873,14:32:13,Mutlu
874,14:32:13,Mutlu
875,14:32:13,Mutlu
876,14:32:13,Mutlu
877,14:32:13,Dogal
878,14:32:13,Mutlu
879,14:32:14,Mutlu
880,14:32:14,Mutlu
881,14:32:14,Mutlu
882,14:32:14,Mutlu
883,14:32:14,Mutlu
884,14:32:14,Mutlu
885,14:32:14,Mutlu
886,14:32:14,Mutlu
887,14:32:14,Mutlu
888,14:32:14,Mutlu
889,14:32:14,Mutlu
890,14:32:14,Mutlu
891,14:32:14,Mutlu
892,14:32:14,Mutlu
893,14:32:14,Mutlu
894,14:32:14,Mutlu
895,14:32:14,Mutlu
896,14:32:15,Mutlu
897,14:32:15,Mutlu
898,14:32:15,Mutlu
899,14:32:15,Mutlu
900,14:32:15,Saskin
901,14:32:15,Mutlu
902,14:32:15,Korku
903,14:32:15,Korku
904,14:32:15,Korku
905,14:32:15,Korku
906,14:32:15,Korku
907,14:32:15,Korku
908,14:32:15,Korku
909,14:32:15,Kizgin
910,14:32:16,Korku
911,14:32:16,Korku
912,14:32:16,Korku
913,14:32:16,Saskin
914,14:32:16,Saskin
915,14:32:16,Korku
916,14:32:16,Korku
917,14:32:16,Saskin
918,14:32:16,Saskin
919,14:32:16,Saskin
920,14:32:16,Saskin
921,14:32:16,Korku
922,14:32:16,Saskin
923,14:32:16,Saskin
924,14:32:16,Korku
925,14:32:16,Saskin
926,14:32:16,Kizgin
927,14:32:17,Saskin
928,14:32:17,Saskin
929,14:32:17,Kizgin
930,14:32:17,Kizgin
931,14:32:17,Saskin
932,14:32:17,Saskin
933,14:32:17,Saskin
934,14:32:17,Korku
935,14:32:17,Saskin
936,14:32:17,Saskin
937,14:32:17,Saskin
938,14:32:17,Saskin
939,14:32:17,Saskin
940,14:32:17,Saskin
941,14:32:17,Saskin
942,14:32:17,Saskin
943,14:32:18,Saskin
944,14:32:18,Saskin
945,14:32:18,Saskin
946,14:32:18,Saskin
947,14:32:18,Dogal
948,14:32:18,Saskin
949,14:32:18,Saskin
950,14:32:18,Saskin
951,14:32:18,Korku
952,14:32:18,Saskin
953,14:32:18,Saskin
954,14:32:18,Saskin
955,14:32:18,Saskin
956,14:32:18,Saskin
957,14:32:18,Saskin
958,14:32:18,Saskin
959,14:32:19,Saskin
960,14:32:19,Korku
961,14:32:19,Saskin
962,14:32:19,Saskin
963,14:32:19,Saskin
964,14:32:19,Saskin
965,14:32:19,Saskin
966,14:32:19,Saskin
967,14:32:19,Saskin
968,14:32:19,Saskin
969,14:32:19,Saskin
970,14:32:19,Saskin
971,14:32:19,Korku
972,14:32:19,Saskin
973,14:32:19,Korku
974,14:32:19,Korku
975,14:32:20,Korku
976,14:32:20,Korku
977,14:32:20,Mutlu
978,14:32:20,Korku
979,14:32:20,Korku
980,14:32:20,Mutlu
981,14:32:20,Mutlu
982,14:32:20,Uzgun
983,14:32:20,Mutlu
984,14:32:20,Korku
985,14:32:21,Mutlu
986,14:32:21,Korku
987,14:32:21,Uzgun
988,14:32:21,Mutlu
989,14:32:21,Korku
990,14:32:21,Mutlu
991,14:32:21,Mutlu
992,14:32:21,Uzgun
993,14:32:21,Mutlu
994,14:32:21,Mutlu
995,14:32:21,Korku
996,14:32:21,Korku
997,14:32:21,Dogal
998,14:32:22,Mutlu
999,14:32:22,Dogal
1000,14:32:22,Dogal
1001,14:32:22,Korku
1002,14:32:22,Dogal
1003,14:32:22,Dogal
1004,14:32:22,Dogal
1005,14:32:22,Korku
1006,14:32:22,Korku
1007,14:32:22,Mutlu
1008,14:32:22,Uzgun
1009,14:32:22,Mutlu
1010,14:32:22,Korku
1011,14:32:23,Mutlu
1012,14:32:23,Dogal
1013,14:32:23,Dogal
1014,14:32:23,Dogal
1015,14:32:23,Dogal
1016,14:32:23,Mutlu
1017,14:32:23,Korku
1018,14:32:23,Korku
1019,14:32:23,Korku
1020,14:32:23,Dogal
1021,14:32:24,Mutlu
1022,14:32:24,Kizgin
1023,14:32:24,Korku
1024,14:32:24,Mutlu
1025,14:32:24,Korku
1026,14:32:24,Korku
1027,14:32:24,Korku
1028,14:32:24,Korku
1029,14:32:25,Korku
1030,14:32:25,Korku
1031,14:32:25,Korku
1032,14:32:25,Korku
1033,14:32:25,Korku
1034,14:32:25,Korku
1035,14:32:25,Korku
1036,14:32:25,Korku
1037,14:32:25,Korku
1038,14:32:25,Korku
1039,14:32:25,Korku
1040,14:32:25,Korku
1041,14:32:25,Korku
1042,14:32:25,Korku
1043,14:32:25,Korku
1044,14:32:25,Kizgin
1045,14:32:26,Mutlu
1046,14:32:26,Korku
1047,14:32:26,Korku
1048,14:32:26,Korku
1049,14:32:26,Dogal
1050,14:32:26,Korku
1051,14:32:26,Korku
1052,14:32:26,Korku
1053,14:32:26,Korku
1054,14:32:26,Kizgin
1055,14:32:26,Dogal
1056,14:32:26,Mutlu
1057,14:32:26,Mutlu
1058,14:32:26,Dogal
1059,14:32:26,Korku
1060,14:32:26,Dogal
1061,14:32:27,Dogal
1062,14:32:27,Dogal
1063,14:32:27,Dogal
1064,14:32:27,Dogal
1065,14:32:27,Dogal
1066,14:32:27,Dogal
1067,14:32:27,Korku
1068,14:32:27,Mutlu
1069,14:32:27,Korku
1070,14:32:27,Dogal
1071,14:32:27,Korku
1072,14:32:27,Mutlu
1073,14:32:27,Dogal
1074,14:32:27,Dogal
1075,14:32:27,Dogal
1076,14:32:27,Korku
